-- MySQL dump 10.14  Distrib 5.5.34-MariaDB, for debian-linux-gnu (x86_64)
--
-- Host: localhost    Database: watchr
-- ------------------------------------------------------
-- Server version	5.5.34-MariaDB-1~raring-log

/*!40101 SET @OLD_CHARACTER_SET_CLIENT=@@CHARACTER_SET_CLIENT */;
/*!40101 SET @OLD_CHARACTER_SET_RESULTS=@@CHARACTER_SET_RESULTS */;
/*!40101 SET @OLD_COLLATION_CONNECTION=@@COLLATION_CONNECTION */;
/*!40101 SET NAMES utf8 */;
/*!40103 SET @OLD_TIME_ZONE=@@TIME_ZONE */;
/*!40103 SET TIME_ZONE='+00:00' */;
/*!40014 SET @OLD_UNIQUE_CHECKS=@@UNIQUE_CHECKS, UNIQUE_CHECKS=0 */;
/*!40014 SET @OLD_FOREIGN_KEY_CHECKS=@@FOREIGN_KEY_CHECKS, FOREIGN_KEY_CHECKS=0 */;
/*!40101 SET @OLD_SQL_MODE=@@SQL_MODE, SQL_MODE='NO_AUTO_VALUE_ON_ZERO' */;
/*!40111 SET @OLD_SQL_NOTES=@@SQL_NOTES, SQL_NOTES=0 */;

--
-- Table structure for table `botnet`
--

DROP TABLE IF EXISTS `botnet`;
/*!40101 SET @saved_cs_client     = @@character_set_client */;
/*!40101 SET character_set_client = utf8 */;
CREATE TABLE `botnet` (
  `id` int(11) NOT NULL,
  `value` varchar(1024) DEFAULT NULL,
  `valueon` timestamp NOT NULL DEFAULT CURRENT_TIMESTAMP ON UPDATE CURRENT_TIMESTAMP,
  `valueby` char(100) NOT NULL,
  `value2` varchar(1024) DEFAULT NULL,
  `value2on` timestamp NULL DEFAULT NULL,
  `value2by` char(100) DEFAULT NULL,
  `confirmed` tinyint(1) DEFAULT NULL,
  `task_id` int(11) NOT NULL,
  `task_user_id` int(11) NOT NULL,
  PRIMARY KEY (`id`,`task_id`,`task_user_id`),
  UNIQUE KEY `idbotnet_UNIQUE` (`id`),
  KEY `fk_botnet_task1` (`task_id`,`task_user_id`),
  CONSTRAINT `fk_botnet_task1` FOREIGN KEY (`task_id`, `task_user_id`) REFERENCES `task` (`id`, `user_id`) ON DELETE NO ACTION ON UPDATE NO ACTION
) ENGINE=InnoDB DEFAULT CHARSET=latin1;
/*!40101 SET character_set_client = @saved_cs_client */;

--
-- Dumping data for table `botnet`
--

LOCK TABLES `botnet` WRITE;
/*!40000 ALTER TABLE `botnet` DISABLE KEYS */;
/*!40000 ALTER TABLE `botnet` ENABLE KEYS */;
UNLOCK TABLES;

--
-- Table structure for table `login_attempt`
--

DROP TABLE IF EXISTS `login_attempt`;
/*!40101 SET @saved_cs_client     = @@character_set_client */;
/*!40101 SET character_set_client = utf8 */;
CREATE TABLE `login_attempt` (
  `id` int(11) NOT NULL AUTO_INCREMENT,
  `ip` varchar(45) DEFAULT NULL,
  `browser` varchar(45) DEFAULT NULL,
  `success` tinyint(1) NOT NULL,
  `timestamp` timestamp NOT NULL DEFAULT CURRENT_TIMESTAMP,
  `username` varchar(254) DEFAULT NULL,
  `user_uuid` char(100) NOT NULL,
  PRIMARY KEY (`id`),
  UNIQUE KEY `id_UNIQUE` (`id`)
) ENGINE=InnoDB AUTO_INCREMENT=85 DEFAULT CHARSET=latin1;
/*!40101 SET character_set_client = @saved_cs_client */;

--
-- Dumping data for table `login_attempt`
--

LOCK TABLES `login_attempt` WRITE;
/*!40000 ALTER TABLE `login_attempt` DISABLE KEYS */;
INSERT INTO `login_attempt` VALUES (1,'19.1.1.1','Interweb Explorer',1,'2013-12-24 12:43:49',NULL,''),(2,'19.1.1.1','Interweb Explorer',0,'2013-12-24 12:44:29',NULL,''),(5,'19.1.1.1','Interweb Explorer',0,'2013-12-24 17:19:52','alan@dfs.com',''),(6,'127.0.0.1',NULL,1,'2013-12-24 21:47:41','alan',''),(7,'127.0.0.1',NULL,1,'2013-12-24 21:47:50','alan',''),(8,'127.0.0.1',NULL,1,'2013-12-24 21:49:08','alan',''),(9,'127.0.0.1',NULL,1,'2013-12-24 21:57:45','alan',''),(10,'127.0.0.1',NULL,1,'2013-12-24 21:57:53','alan',''),(11,'127.0.0.1',NULL,1,'2013-12-24 21:58:09','alan',''),(12,'127.0.0.1',NULL,1,'2013-12-24 22:06:14','alan',''),(13,'127.0.0.1',NULL,1,'2013-12-24 22:11:06','alan',''),(14,'127.0.0.1',NULL,1,'2013-12-24 22:14:16','alan',''),(15,'127.0.0.1',NULL,1,'2013-12-24 22:14:23','alan',''),(16,'127.0.0.1',NULL,1,'2013-12-24 22:16:24','alan',''),(17,'127.0.0.1',NULL,1,'2013-12-24 22:24:15','alan',''),(18,'127.0.0.1',NULL,1,'2013-12-24 23:05:12','alan',''),(19,'127.0.0.1',NULL,1,'2013-12-25 10:11:39','alan',''),(20,'127.0.0.1',NULL,1,'2013-12-25 10:11:42','alan',''),(21,'127.0.0.1',NULL,1,'2013-12-25 10:11:47','alan',''),(22,'127.0.0.1',NULL,1,'2013-12-25 10:12:26','alan',''),(23,'127.0.0.1',NULL,1,'2013-12-25 10:12:45','alan',''),(24,'127.0.0.1',NULL,1,'2013-12-25 10:13:26','alan',''),(25,'127.0.0.1',NULL,1,'2013-12-25 10:20:14','alan',''),(26,'127.0.0.1',NULL,0,'2013-12-25 10:23:56','alanr',''),(27,'127.0.0.1',NULL,1,'2013-12-25 10:24:09','alan',''),(28,'127.0.0.1',NULL,1,'2013-12-25 11:28:00','alan',''),(29,'127.0.0.1',NULL,1,'2013-12-25 21:35:39','alan',''),(30,'127.0.0.1',NULL,1,'2013-12-25 21:36:15','alan',''),(31,'127.0.0.1',NULL,1,'2013-12-25 21:37:05','alan',''),(32,'127.0.0.1',NULL,1,'2013-12-25 21:45:14','alan',''),(33,'127.0.0.1',NULL,1,'2013-12-25 21:47:43','alan',''),(34,'127.0.0.1',NULL,1,'2013-12-25 21:47:46','alan',''),(35,'127.0.0.1',NULL,1,'2013-12-25 22:41:04','alan',''),(36,'127.0.0.1',NULL,1,'2013-12-25 22:41:11','alan',''),(37,'127.0.0.1',NULL,1,'2013-12-26 10:36:56','alan',''),(38,'127.0.0.1',NULL,1,'2013-12-26 11:17:18','alan',''),(39,'127.0.0.1',NULL,1,'2013-12-26 18:45:53','alan',''),(40,NULL,NULL,1,'2013-12-29 21:43:28','alan',''),(41,NULL,NULL,1,'2013-12-29 21:43:28','alan',''),(42,NULL,NULL,1,'2013-12-29 21:43:28','alan',''),(43,NULL,NULL,1,'2013-12-29 21:43:28','alan',''),(44,NULL,NULL,1,'2013-12-29 21:43:28','alan',''),(45,NULL,NULL,1,'2013-12-29 21:43:28','alan',''),(46,NULL,NULL,1,'2013-12-29 21:43:28','alan',''),(47,NULL,NULL,1,'2013-12-29 21:43:28','alan',''),(48,NULL,NULL,1,'2013-12-29 21:43:28','alan',''),(49,'127.0.0.1',NULL,1,'2013-12-30 19:57:52','alan',''),(50,'127.0.0.1',NULL,1,'2013-12-31 11:57:47','alan',''),(51,'127.0.0.1',NULL,1,'2014-01-02 17:49:11','alan',''),(52,'127.0.0.1',NULL,1,'2014-01-05 15:49:07','alan',''),(53,'127.0.0.1',NULL,1,'2014-01-05 16:27:43','alan',''),(54,'127.0.0.1',NULL,1,'2014-01-05 16:35:15','alan',''),(55,'127.0.0.1',NULL,1,'2014-01-05 16:41:20','alan',''),(56,'127.0.0.1',NULL,1,'2014-01-05 17:01:11','alan',''),(57,'127.0.0.1',NULL,1,'2014-01-05 17:01:36','alan',''),(58,'127.0.0.1',NULL,1,'2014-01-05 20:38:05','alan',''),(59,'127.0.0.1',NULL,1,'2014-01-05 20:39:38','alan',''),(60,'127.0.0.1',NULL,1,'2014-01-05 21:05:29','alan',''),(61,'127.0.0.1',NULL,1,'2014-01-05 21:14:11','alan',''),(62,'127.0.0.1',NULL,1,'2014-01-05 21:14:18','alan',''),(63,'127.0.0.1',NULL,1,'2014-01-07 21:24:44','alan',''),(64,'127.0.0.1',NULL,1,'2014-01-12 12:04:52','alan',''),(65,'127.0.0.1',NULL,1,'2014-01-19 09:55:33','alan',''),(66,'19.1.1.1','Interweb Explorer',0,'2014-01-19 17:52:11','alan@dfs.com',''),(67,'127.0.0.1',NULL,1,'2014-01-20 20:36:06','alan',''),(68,'127.0.0.1',NULL,1,'2014-01-21 22:19:28','alan',''),(69,'127.0.0.1',NULL,1,'2014-01-26 12:01:16','alan',''),(70,'127.0.0.1',NULL,1,'2014-02-02 10:43:58','alan',''),(71,'127.0.0.1',NULL,1,'2014-02-12 15:31:18','alan',''),(72,'127.0.0.1',NULL,1,'2014-02-26 19:11:01','alan',''),(73,'127.0.0.1',NULL,1,'2014-03-01 23:24:04','alan',''),(74,'127.0.0.1',NULL,1,'2014-03-04 23:32:36','alan',''),(75,'127.0.0.1',NULL,1,'2014-03-08 08:50:59','alan',''),(76,'127.0.0.1',NULL,0,'2014-03-08 10:07:33','alan',''),(77,'127.0.0.1',NULL,1,'2014-03-08 10:07:49','alan',''),(78,'127.0.0.1',NULL,1,'2014-03-08 10:07:56','alan',''),(79,'127.0.0.1',NULL,1,'2014-03-09 12:35:56','alan',''),(80,'Google',NULL,1,'2014-07-06 12:11:54','Alan Ayoub','https://www.google.com/accounts/o8/id?id=AItOawnb5AbKAGXA8I8NGfqLcKMqpBK9rKAcsoM'),(81,'Google',NULL,1,'2014-07-06 12:13:14','Alan Ayoub','https://www.google.com/accounts/o8/id?id=AItOawnb5AbKAGXA8I8NGfqLcKMqpBK9rKAcsoM'),(82,'Google',NULL,1,'2014-07-06 12:14:04','Alan Ayoub','https://www.google.com/accounts/o8/id?id=AItOawnb5AbKAGXA8I8NGfqLcKMqpBK9rKAcsoM'),(83,'Google',NULL,1,'2014-07-06 12:14:55','Alan Ayoub','https://www.google.com/accounts/o8/id?id=AItOawnb5AbKAGXA8I8NGfqLcKMqpBK9rKAcsoM'),(84,'Google',NULL,1,'2014-07-09 19:20:08','Alan Ayoub','https://www.google.com/accounts/o8/id?id=AItOawnb5AbKAGXA8I8NGfqLcKMqpBK9rKAcsoM');
/*!40000 ALTER TABLE `login_attempt` ENABLE KEYS */;
UNLOCK TABLES;

--
-- Table structure for table `result`
--

DROP TABLE IF EXISTS `result`;
/*!40101 SET @saved_cs_client     = @@character_set_client */;
/*!40101 SET character_set_client = utf8 */;
CREATE TABLE `result` (
  `id` int(11) NOT NULL AUTO_INCREMENT,
  `value` varchar(1024) DEFAULT NULL,
  `asof` timestamp NULL DEFAULT CURRENT_TIMESTAMP,
  `task_id` int(11) NOT NULL,
  PRIMARY KEY (`id`,`task_id`),
  UNIQUE KEY `id_UNIQUE` (`id`),
  KEY `fk_results_task1` (`task_id`),
  CONSTRAINT `fk_results_task1` FOREIGN KEY (`task_id`) REFERENCES `task` (`id`) ON DELETE NO ACTION ON UPDATE NO ACTION
) ENGINE=InnoDB AUTO_INCREMENT=653 DEFAULT CHARSET=latin1;
/*!40101 SET character_set_client = @saved_cs_client */;

--
-- Dumping data for table `result`
--

LOCK TABLES `result` WRITE;
/*!40000 ALTER TABLE `result` DISABLE KEYS */;
INSERT INTO `result` VALUES (4,'Last:$769.99000','2013-12-28 16:31:01',5),(5,'Last:$769.98000','2013-12-28 16:31:01',5),(6,'Last:$774.20000','2013-12-28 16:31:01',5),(7,'Last:$773.99999','2013-12-28 16:32:57',5),(8,'Last:$776.99999','2013-12-28 16:33:11',5),(9,'Last:$776.99997','2013-12-28 16:34:26',5),(10,'Last:$764.00000','2013-12-28 17:17:34',5),(11,'Last:$755.97999','2013-12-29 13:18:54',5),(12,'Last:$749.10000','2013-12-29 13:35:23',5),(13,'Last:$747.04062','2013-12-29 13:36:36',5),(14,'Last:$752.99999','2013-12-29 13:48:56',5),(15,'Last:$748.89999','2013-12-29 13:56:00',5),(16,'Last:$748.00000','2013-12-29 13:57:32',5),(17,'Last:$747.00000','2013-12-29 14:00:19',5),(18,'Last:$746.99999','2013-12-29 14:02:35',5),(19,'Last:$750.60770','2013-12-29 14:04:07',5),(20,'Last:$744.99999','2013-12-29 14:07:34',5),(21,'Last:$770.99979','2013-12-29 20:41:02',5),(22,'Last:$766.99999','2013-12-29 20:52:29',5),(23,'Rent My Chest 2.0','2014-03-09 18:39:03',4),(28,'Last:$802.00000','2013-12-31 11:29:16',5),(29,'Last:$803.40000','2013-12-31 17:19:37',5),(30,'Last:$807.47700','2013-12-31 22:24:29',5),(31,'Last:$807.47700','2013-12-31 22:24:49',5),(32,'Last:$800.40500','2013-12-31 22:26:42',5),(33,'Last:$800.40500','2013-12-31 22:26:59',5),(34,'Last:$807.66100','2013-12-31 22:27:53',5),(35,'Last:$800.51004','2013-12-31 22:30:03',5),(36,'Last:$807.00000','2014-01-01 16:23:32',5),(37,'Last:$807.50000','2014-01-01 16:54:08',5),(38,'Last:$807.99900','2014-01-01 16:58:36',5),(39,'Last:$802.22027','2014-01-01 17:02:37',5),(40,'\n      \n      Eastern European migrant curbs end\n    ','2014-01-01 17:31:41',9),(41,'220,000 hotels','2014-01-02 13:38:58',8),(42,'Last:$806.99700','2014-01-01 17:12:21',5),(43,'Last:$806.25900','2014-01-01 17:31:36',5),(44,'Last:$817.00001','2014-01-02 10:17:41',5),(45,'\n      \n      Rail fare rise comes into effect\n    ','2014-01-02 13:35:23',9),(46,'Last:$814.56501','2014-01-02 10:41:10',5),(47,'Last:$815.10500','2014-01-02 10:48:43',5),(48,'Last:$817.11900','2014-01-02 11:13:24',5),(49,'Last:$823.00000','2014-01-02 11:14:51',5),(50,'Last:$824.00000','2014-01-02 13:22:42',5),(51,'Last:$822.99500','2014-01-02 13:35:26',5),(52,'Bzr is dying; Emacs needs to move','2014-01-02 15:14:22',17),(53,'Leap Motion Controller\n','2014-01-02 15:24:18',18),(54,'£320.56','2014-01-06 01:57:41',19),(55,'\n      \n      \'Exceptional weather\' to hit UK\n    ','2014-01-03 01:35:36',9),(56,'Last:$832.99010','2014-01-02 19:35:34',5),(57,'240,000 hotels','2014-03-09 18:16:14',8),(58,'Gate Tower Building','2014-01-02 21:14:27',17),(59,'Sherlock - Complete Series 3 [DVD]\n','2014-01-02 21:24:27',18),(60,'Last:$865.72900','2014-01-03 01:35:50',5),(61,'“Vacations are for the weak”','2014-01-03 03:14:29',17),(62,'Wired-up HDMI to HDMI Gold Plated...\n','2014-01-03 15:24:47',18),(63,'\n      \n      UK braced for floods as tides peak\n    ','2014-01-03 07:35:40',9),(64,'Last:$851.21010','2014-01-03 07:36:04',5),(65,'Twitter SVP Chris Fry Breaks Down How His Engineering Org Works','2014-01-03 09:14:35',17),(66,'\n         Sep 28 10\n				10k Browser Feature Support Tool\n        by Alan Ayoub\n      ','2014-03-09 18:32:31',20),(67,'\n      \n      UK sees more flooding as tides peak\n    ','2014-01-03 13:35:46',9),(68,'Last:$885.00000','2014-01-03 13:36:20',5),(69,'David Cameron\'s Internet porn filter is the start of censorship creep','2014-01-03 15:14:46',17),(70,'\n      \n      Flooding continues to threaten UK\n    ','2014-01-04 01:36:01',9),(71,'Last:$865.75000','2014-01-03 19:36:31',5),(72,'Docker on Linode','2014-01-03 21:14:56',17),(73,'The Courage Tree\n','2014-01-03 21:24:57',18),(74,'Last:$872.00000','2014-01-04 01:36:42',5),(75,'Toshiba says they made a mistake but they still cannot help me','2014-01-04 03:15:04',17),(76,'Kindle Fire HDX 7\", HDX Display...\n','2014-01-04 03:25:05',18),(77,'\n      \n      UK braced for more stormy weather\n    ','2014-01-04 13:36:08',9),(78,'Last:$876.90000','2014-01-04 07:36:58',5),(79,'Evernote, the bug-ridden elephant','2014-01-04 09:15:16',17),(80,'The Lord of the Rings: The Motion...\n','2014-01-04 09:25:16',18),(81,'Last:$884.71500','2014-01-04 13:37:12',5),(82,'Rap Genius is Back on Google','2014-01-04 15:15:27',17),(83,'Fireangel CO-9D Digital Sealed for...\n','2014-01-04 15:25:27',18),(84,'\n      \n      New flood fears on UK rivers and coasts\n    ','2014-01-04 19:36:16',9),(85,'Last:$908.03000','2014-01-04 19:37:19',5),(86,'Apple Acquires Rapid-Fire Camera App Developer SnappyLabs','2014-01-04 21:15:40',17),(87,'Nikon COOLPIX L27 Compact Digital...\n','2014-01-04 21:25:29',18),(88,'\n      \n      Flood fears for UK rivers and coasts\n    ','2014-01-05 01:36:27',9),(89,'Last:$931.00001','2014-01-05 01:37:27',5),(90,'Anatomy of a cheap USB-to-Ethernet adapter','2014-01-05 09:15:52',17),(91,'House Number Sign/Plaque Brushed...\n','2014-01-05 03:25:40',18),(92,'\n      \n      PM pledges to \'protect\' state pension\n    ','2014-01-05 07:36:29',9),(93,'Last:$921.99499','2014-01-05 07:37:33',5),(94,'The Courage Tree\n','2014-01-05 09:25:43',18),(95,'\n      \n      Cameron vows to keep pensions rise\n    ','2014-01-06 01:57:43',9),(96,'Last:$935.30991','2014-01-05 13:37:44',5),(97,'Why the world needs OpenStreetMap','2014-01-05 15:48:20',17),(98,'House Number Sign/Plaque Brushed...\n','2014-01-05 15:48:22',18),(99,'Last:$1,013.00500','2014-01-05 19:57:44',5),(100,'Silent Technical Privilege','2014-01-05 21:48:25',17),(101,'The Courage Tree\n','2014-01-05 21:48:36',18),(102,'Last:$1,008.93100','2014-01-06 01:57:51',5),(103,'ARM immediate value encoding','2014-01-12 12:58:56',17),(104,'inFAMOUS: Second Son (PS4)\n','2014-01-12 12:58:23',18),(105,'£320.31','2014-01-12 18:58:48',19),(106,'\n      \n      Clegg backs EU benefit changes New\n    ','2014-01-12 12:58:33',9),(107,'Last:$939.99993','2014-01-12 12:50:52',5),(108,'One arrest after man’s body found in Dublin house','2014-01-12 12:58:55',21),(109,'Last:$929.00000','2014-01-12 12:58:39',5),(110,'Destiny (PS4)\n','2014-01-12 18:58:37',18),(111,'\n      \n      Clegg backs EU benefit changes\n    ','2014-01-12 18:58:50',9),(112,'Last:$920.00000','2014-01-19 10:16:13',5),(113,'Gardaí investigate discovery of man’s body in Dublin','2014-01-19 10:16:34',21),(114,'How Radians Work in 30 Seconds','2014-01-19 10:16:35',17),(115,'Kindle Paperwhite, 6\" High Resolution...\n','2014-01-19 10:16:52',18),(116,'£331.38','2014-01-19 10:16:57',19),(117,'\n      \n      Mikaeel mother charged over death\n    ','2014-01-19 10:17:03',9),(118,'How To Get An MBA From Eminem','2014-01-19 11:11:01',22),(119,'Yale censored a student-made course ranking website...so another student made an un-blockable chrome extension to do the same thing','2014-01-19 17:05:02',23),(120,'Hopefully This Chart Settles Things','2014-01-19 17:24:09',24),(121,'Briton murdered trying to save wife on \'trip of a lifetime\'','2014-01-19 17:26:39',25),(122,'Last:$969.99999','2014-01-20 21:40:16',5),(123,'Wealth of the 85 richest people equal to that of the poorest 3,500,000,000','2014-01-20 21:40:42',21),(124,'Intel\'s \"cripple AMD\" function (2009)','2014-01-20 21:40:45',17),(125,'Frozen [DVD]\n','2014-01-20 21:41:01',18),(126,'£332.22','2014-01-21 03:41:34',19),(127,'\n      \n      Lord Rennard suspended from Lib Dems\n    ','2014-01-21 03:41:39',9),(128,'Parsing HP’s Decision To Push Windows 7 More Than A Year Into The Windows 8 Era','2014-01-20 21:41:36',22),(129,'He told me not to ask about Half Life 3...','2014-01-20 21:41:48',23),(130,'Wear Your Favorite Stories Around Your Neck','2014-01-20 21:42:07',24),(131,'\'Threesome\' mum escapes jail over \'humiliating\' torture','2014-01-20 21:42:21',25),(132,'Last:$965.00000','2014-01-21 03:40:35',5),(133,' RTÉ chief angered by Joan Burton’s €5m licence cut going to welfare','2014-01-21 03:40:54',21),(134,'Rosetta: ESA’s ‘sleeping beauty’ wakes up from deep space hibernation','2014-01-21 03:40:58',17),(135,'Sherlock - Complete Series 3 [DVD]\n','2014-01-21 03:41:13',18),(136,'Google’s “High Handed” Bus Memo','2014-01-21 03:41:53',22),(137,'Temps are supposed to drop tonight so someone in Ottawa, Ontario is placing these around the city','2014-01-21 03:41:58',23),(138,'Sarah Palin Celebrates MLK Day by Telling Obama to \"Stop Playing the Race Card\"','2014-01-21 03:42:40',24),(139,'Beckham heads to Peckham as David joins Only Fools','2014-01-21 03:42:51',25),(140,'Last:$966.33340','2014-01-21 22:23:23',5),(141,'Long-awaited banking inquiry to get under way','2014-01-21 22:23:39',21),(142,'Network Solutions Auto-Enroll: $1,850','2014-01-21 22:23:41',17),(143,'Kindle Fire HD 7\", HD Display, Wi-Fi...\n','2014-01-21 22:23:57',18),(144,'£328.39','2014-01-21 22:24:05',19),(145,'\n      \n      US and UN \'horror\' at Syria report\n    ','2014-01-21 22:24:09',9),(146,'Why Warren Buffett’s Billion-Dollar Prize To Predict The Perfect NCAA Bracket Matters','2014-01-21 22:24:24',22),(147,'IamArnold. AMA 2.0.','2014-01-21 22:24:37',23),(148,'Man Finds Archaeological Artifact in His Local Dumpster','2014-01-21 22:24:56',24),(149,'Spurs fans charged for using \'Y-word\' in landmark cases','2014-01-21 22:25:07',25),(150,'Last:$982.03218','2014-01-26 10:01:15',5),(151,'Last:$983.00000','2014-01-26 10:03:25',5),(152,'Last:$982.18000','2014-01-26 10:03:53',5),(153,'Last:$979.00001','2014-01-26 10:23:11',5),(154,'Last:$981.00000','2014-01-26 10:30:03',5),(155,'Last:$975.25001','2014-01-26 11:20:14',5),(156,'Last:$986.19999','2014-01-26 11:28:14',5),(157,'Caution urged as orange weather alert issued','2014-01-26 11:52:00',21),(158,'Apple\'s First Public Demonstration of the Mac, Unseen Since 1984 [video]','2014-01-26 11:52:02',17),(159,'Kindle Fire HDX 7\", HDX Display...\n','2014-01-26 17:52:33',18),(160,'£331.38','2014-01-27 08:08:30',19),(161,'\n      \n      Ukraine opposition rejects offers\n    ','2014-01-26 11:52:26',9),(162,'My buddy said this... I really couldn\'t refute it.','2014-01-26 11:55:10',23),(163,'Data As A Company’s Secret Weapon','2014-01-26 11:55:18',22),(164,'Family rescued from burning car during World Cup protest','2014-01-26 11:59:02',25),(165,'Your Truck Has Been Sacrificed to the Snow Gods','2014-01-26 12:00:00',24),(166,'Last:$1,012.00000','2014-01-26 17:28:24',5),(167,'High winds and heavy rain to continue overnight','2014-01-26 17:52:17',21),(168,'A RESTful Micro-Framework in Go','2014-01-26 17:52:20',17),(169,'\n      \n      Homs deal at Syria peace talks New\n    ','2014-01-26 17:52:42',9),(170,'Alpha male','2014-01-26 17:55:24',23),(171,'Funny, I Don’t Feel All That Fatigued With Twitter','2014-01-26 17:55:34',22),(172,'Revealed: Thousands of weapons seized at airports','2014-01-26 17:59:13',25),(173,'That\'s Why You Feel So Crazy','2014-01-26 18:00:30',24),(174,'Last:$1,013.49999','2014-01-27 07:59:50',5),(175,'Last:$1,007.00000','2014-01-27 08:00:03',5),(176,'Irish Water overstaffing will cost up to €2bn, says expert','2014-01-27 08:08:07',21),(177,'Google to Buy Artificial Intelligence Startup DeepMind for $400M','2014-01-27 08:08:10',17),(178,'Minecraft (Xbox 360)\n','2014-01-27 08:08:24',18),(179,'\n      \n      Ukraine state of emergency warning\n    ','2014-01-27 08:08:44',9),(180,'I am an artist... with a lot of free time :P','2014-01-27 08:08:56',23),(181,'Popular Political Writer Ezra Klein Announces Move From Washington Post To Vox Media','2014-01-27 08:09:03',22),(182,'Revealed: The £15million World Cup ticket scam','2014-01-27 08:09:18',25),(183,'Makeshift Extension Cord','2014-01-27 08:09:41',24),(184,'Last:$972.98699','2014-01-27 19:49:53',5),(185,'Hemingway makes your writing bold and clear','2014-02-12 15:25:57',17),(186,'Tánaiste insists Government has confidence in GSOC','2014-02-12 15:26:02',21),(187,'Nikon COOLPIX S3500 Compact Digital...\n','2014-02-12 15:26:06',18),(188,'£338.06','2014-02-12 15:26:12',19),(189,'\n      \n      Wind \'red warning\' amid flood chaos\n    ','2014-02-12 15:26:15',9),(190,'This is why Hoth was denied its bid to host the Winter Olympics','2014-02-12 15:26:27',23),(191,'Schoolchildren ‘acting out rape scenes from GTA’','2014-02-12 15:26:36',25),(192,'Meet Alphaworks, The New Crowdfunding-Inspired Investment Platform From betaworks','2014-02-12 15:26:36',22),(193,'Last:$540.88499','2014-02-12 15:26:49',5),(194,'Only if Their Phones Are Jailbroken!','2014-02-12 15:27:08',24),(195,'Sigur Rós -- All Alright [Post-rock]youtube.com','2014-02-12 16:08:02',26),(196,'Jquery Mobile Loading Icon on form submitjavascriptjqueryjquery-mobile32s agoTuga','2014-02-12 16:42:58',27),(197,'Police, paps and privacy: the challenges of drone journalism','2014-02-12 16:49:43',28),(198,'Researchers say they\'ve had a breakthrough in producing fusion power','2014-02-12 21:26:08',17),(199,'Clifden RNLI rescue four fish farmers in stormy conditions','2014-02-12 21:26:14',21),(200,'Olympus SZ-31MR Digital Compact...\n','2014-02-12 21:26:29',18),(201,'£309.22','2014-02-12 21:26:39',19),(202,'\n      \n      Man dies as 100mph winds batter UK\n    ','2014-02-12 21:26:41',9),(203,'Members of Congress Have Asked Pres. Obama to Remove Marijuana from Schedule 1 Classification','2014-02-12 21:26:47',23),(204,'Man electrocuted moving a tree felled by 100mph storm','2014-02-12 21:27:06',25),(205,'Secret To Launch A Bug Bounty Program As Soon As Today','2014-02-12 21:27:07',22),(206,'Last:$542.50000','2014-02-12 21:27:24',5),(207,'Sinkhole Swallows Eight Vintage Corvettes','2014-02-12 21:28:08',24),(208,'FREE>Syracuse vs Pittsburgh Live Stream NCAA College Basketball Onlineself.funny','2014-02-12 22:08:11',26),(209,'jQuery DataTables filtering cell data that is an arayjquerydatatablesjquery-datatables24s agouser3357270','2014-02-26 19:10:47',27),(210,'These are the first two Ubuntu OS phones (hands-on)','2014-02-26 19:10:54',28),(211,'Thirty Percent Feedback','2014-02-26 19:11:01',17),(212,'Dublin family protests at losing home after  rent hike ','2014-02-26 19:11:03',21),(213,'Working Out\n','2014-02-26 19:11:14',18),(214,'\n      \n      Rigby murderer given whole-life term\n    ','2014-02-26 19:11:21',9),(215,'£331.38','2014-02-26 19:11:23',19),(216,'After living in nyc for 24 years, this is my top fantasy right now.','2014-02-26 19:11:32',23),(217,'Watsi To Change Its Logo Following Legal Threats From “Multi-Billion Dollar Health Insurance Company”','2014-02-26 19:11:43',22),(218,'Lee Rigby killers jailed for life as fight breaks out in dock','2014-02-26 19:11:46',25),(219,'Childhood Enhanced of the Day: Kids These Days Can Play ACTUAL Mario Kart. Blue Shells Not Included.','2014-02-26 20:07:38',24),(220,'Adorable (and smart!) bookstore display. Is this a common thing?self.books','2014-02-26 20:11:34',26),(221,'Association between two polymorphic modelsactiverecordhas-manypolymorphic-associationsbelongs-to1m agoproximin','2014-03-01 23:23:36',27),(222,'Tim Cook tells Apple\'s climate-skeptic shareholders where to shove it','2014-03-01 23:32:48',28),(223,'A brief history of one line fixes','2014-03-01 23:36:55',17),(224,'John Gilligan injured in Clondalkin shooting','2014-03-01 23:37:17',21),(225,'Frozen [DVD]\n','2014-03-01 23:37:40',18),(226,'\n      \n      Ukraine army on full combat alert\n    ','2014-03-02 00:11:21',9),(227,'£312.01','2014-03-02 17:21:12',19),(228,'shots fired','2014-03-02 00:14:05',23),(229,'2014 Could Be The ‘Tipping Point’ For Female Founders, Says Y Combinator’s Jessica Livingston','2014-03-02 00:15:30',22),(230,'Islamist group posts pictures of thief having hand cut off','2014-03-02 00:16:16',25),(231,'Tourist Attraction of the Day: A Woman in Scotland Fills out the Wrong form on TripAdvisor. Now She\'s 87th of 168 Attractions.','2014-03-02 10:26:45',24),(232,'Internet cafe in Paris, 24 hours open or a good Wi Fi spot anywhere?self.AskReddit','2014-03-02 00:29:28',26),(233,'WebSphere and Axis 1.4 - NoClassDefFoundErrorjavaaxiswebsphere-81m agoRaul Lapeira Herrero','2014-03-02 09:42:00',27),(234,'Engineering apprenticeship launched at National Space Centre','2014-03-02 17:11:54',28),(235,'Hum','2014-03-02 09:43:40',17),(236,'John Gilligan seriously injured in Dublin shooting','2014-03-02 09:48:34',21),(237,'Titanfall (Xbox One)\n','2014-03-02 09:50:34',18),(238,'\n      \n      Obama urges Putin to recall troops\n    ','2014-03-02 09:52:06',9),(239,'How I shut the light off when I\'m feeling lazy.','2014-03-02 10:19:38',23),(240,'AmEx Debuts Its Most Mobile-Integrated, Rewards-Focused Credit Card','2014-03-02 10:20:30',22),(241,'Dozens massacred in railway station knife attack','2014-03-02 10:26:02',25),(242,'Jumbo juggling, takes some skill and expertise at a foundry. Hyde Park, Park Lane, Londonflickr.com','2014-03-02 10:28:51',26),(243,'Changing the color of a selected item in a listbox/listviewvb.netcolorslistbox54s agoBjørn-Roger Kringsjå','2014-03-02 17:08:13',27),(244,'Windows 8 and the Microsoft Surface','2014-03-02 17:15:18',17),(245,'Kerry condemns  Russian incursion into Ukraine ','2014-03-02 17:18:16',21),(246,'Gran Turismo 6 (PS3)\n','2014-03-02 17:18:40',18),(247,'\n      \n      New Ukraine navy chief \'defects\' New\n    ','2014-03-02 17:19:45',9),(248,'Kerry: Russia behaving \"in 19th century fashion by invading another country on completely trumped up pre-text\"','2014-03-02 17:36:31',23),(249,'Inside The Billion-Dollar Hacker Club','2014-03-02 17:38:18',22),(250,'Shocking \'racist\' assault upon 77-year-old passenger','2014-03-02 17:39:10',25),(251,'Cutting Onions of the Day: Local News Anchor and Cancer Survivor Takes Off Her Wig on Camera','2014-03-02 17:43:57',24),(252,'Meechie Flame -- Take money to make money [Hip-Hop] Awesome Hip-Hop video by my neighbor! let\'s help him blow up!youtube.com','2014-03-02 17:44:58',26),(253,'Why dont float?htmlcss1m agouser3380157','2014-03-04 23:43:17',27),(254,'Physicist proposes huge walls across Tornado Alley','2014-03-08 21:49:21',28),(255,'LHC Physics Center bans Powerpoint, switches to whiteboard-only forums','2014-03-08 09:17:11',17),(256,'Rehab paid Frank Flannery to lobby the Government ','2014-03-08 09:47:58',21),(257,'World\'s lightest Cabin Size holdall...\n','2014-03-08 18:17:59',18),(258,'\n      \n      Malaysia Airlines plane vanishes\n    ','2014-03-08 09:54:40',9),(259,'£321.44','2014-03-09 15:35:00',19),(260,'TIL of Cunningham\'s Law: \"The best way to get the right answer on the Internet is not to ask a question, it\'s to post the wrong answer.\"','2014-03-08 09:55:48',23),(261,'The Ultimate Cheat Sheet For Dealing With Excuses','2014-03-08 09:57:21',22),(262,'Hundreds feared dead as jet vanishes off Vietnam','2014-03-08 09:59:04',25),(263,'Redditor\'s Russian Wife Can\'t Describe a Tape Measure, Accidentally Creates a Dictionary of New Terms for Things','2014-03-08 10:01:20',24),(264,'ELI5: What is the difference in my body when I\'m sleeping compared to just laying down in bed with my eyes closed for the same amount of time?self.explainlikeimfive','2014-03-08 10:02:20',26),(265,'How to remove outliers of a dataset in R?r1m agoRScriv','2014-03-08 10:06:57',27),(266,'Python Language Features and Tricks','2014-03-08 18:12:02',17),(267,'\n            						Stolen passports on missing Malaysian passenger plane\n							','2014-03-08 18:17:39',21),(268,'\n      \n      \'Oil slick seen\' in missing jet hunt\n    ','2014-03-08 23:27:16',9),(269,'South Park: Stick of Truth is \"offensive.\" Duh.','2014-03-08 21:32:56',23),(270,'Tiger Global Checks In To Brazil’s Hotel Urbano With $50M Round','2014-03-08 21:33:48',22),(271,'Woman left tribute on victim\'s Facebook after killing him','2014-03-09 09:10:34',25),(272,'Oscar Meyer Wants You to Wake Up and Smell the Bacon With This Phone Alarm Gadget, Will You Bite?','2014-03-09 09:18:02',24),(273,'I married this woman.i.imgur.com','2014-03-08 21:44:31',26),(274,'Changing default variable values of dll and sending them to com componentc#visual-c++dllcomtlb48s agoAnia','2014-03-08 21:46:46',27),(275,'DEC64: Decimal Floating Point','2014-03-08 21:54:27',17),(276,'Malaysian plane still missing amid false passport claims','2014-03-08 23:25:03',21),(277,'Cabin Max Backpack Flight Approved...\n','2014-03-08 23:25:39',18),(278,'Oculus Founder Palmer Luckey On Why Now Is The Time For VR, And The Biggest Hurdles Ahead','2014-03-09 10:09:23',22),(279,'Welcome to Ratchet Bell. Would you like to try an empanada?i.imgur.com','2014-03-09 09:18:22',26),(280,'css the image is not changed although the code is changedcss1m agoMarco Dinatsoli','2014-03-09 09:20:14',27),(281,'Samsung offers Galaxy owners free music streaming','2014-03-09 15:27:25',28),(282,'TldrLegal – Software Licenses Explained in Plain English','2014-03-09 09:29:20',17),(283,'Malaysian jet may have turned back before vanishing','2014-03-09 12:30:02',21),(284,'Minecraft (Xbox 360)\n','2014-03-09 12:31:17',18),(285,'\n      \n      Missing plane \'may have turned back\'\n    ','2014-03-09 15:33:30',9),(286,'Singer flustered after realizing crowd is singing the band\'s lyrics during their debut.','2014-03-09 13:09:27',23),(287,'\'Terror fears\' over missing Malaysia Airlines jet','2014-03-09 13:10:48',25),(288,'£321.44','2014-03-09 13:13:47',29),(289,'Insert Baby, Receive Way Easier (and Fuzzier) Responsibility','2014-03-09 12:18:12',24),(290,'Look at his adorable hatimgur.com','2014-03-09 12:18:26',26),(291,'how exim show password on log filessmtpcentoseximdovecot1m agomerdincz','2014-03-09 12:20:28',27),(292,'ONO sells for $9.5 billion and nobody cares','2014-03-09 15:29:39',17),(293,'Shh. Secret Raises $10M At A $50M Valuation','2014-03-09 13:09:28',22),(294,'Neptune Has an OK Cupid Profile','2014-03-09 15:18:23',24),(295,'When you say it that way it sounds like a bank from the 1980s.livememe.com','2014-03-09 15:18:38',26),(296,'How to implement a good telnet client using Socket tcp\\ipc#socketstelnet19s agoLordTitiKaka','2014-03-09 15:20:40',27),(297,'Passports used on missing plane to be investigated','2014-03-09 15:30:10',21),(298,'Titanfall (Xbox One)\n','2014-03-09 15:31:29',18),(299,'New record! Thanks daylight savings time!','2014-03-09 16:09:41',23),(300,'Fly Or Die: Jelly','2014-03-09 16:09:44',22),(301,'Girl cares for \'heroin addict mum\' in shocking bus video','2014-03-09 16:11:01',25),(302,'£313.15','2014-03-09 16:13:59',29),(303,'Accessories That Send a Message','2014-03-09 18:18:36',24),(304,'Every Sunday at 3pmi.imgur.com','2014-03-09 18:18:50',26),(305,'Multiple link_to methods how to determine which one is clicked in controllerruby-on-railsajax26s agouser3103558','2014-03-09 18:20:51',27),(306,'Britain\'s oldest nuclear-armed submarine will get new core','2014-03-09 18:27:39',28),(307,'Amtrak Residency','2014-03-09 18:29:50',17),(308,'\n            						Possible sighting of wreckage from missing plane\n							','2014-03-09 18:30:27',21),(309,'Baby Toddler Backpack Safety...\n','2014-03-09 18:31:41',18),(310,'\n      \n      Vietnam probes \'missing jet debris\'\n    ','2014-03-09 18:33:41',9),(311,'£313.15','2014-03-09 18:35:12',19),(312,'I lied','2014-07-06 11:05:19',23),(313,'Lessons From Sourcebits’ Road To Acquisition','2014-07-06 11:05:21',22),(314,'Is summer over? Rain and plummeting temperatures','2014-07-06 11:06:27',25),(315,'£305.75','2014-07-06 11:06:28',29),(316,'290,000 hotels','2014-07-06 11:06:37',8),(317,'Breakfast Crunch Wrap, You Have Betrayed Me for the Last Time','2014-07-06 11:06:41',24),(318,'Add swift files to project without compiling themxcodeswiftasked 20s agoRoshan','2014-07-06 11:06:45',27),(319,'ELI5: Why is the Tour de France in Yorkshire?self.explainlikeimfive','2014-07-06 11:06:46',26),(320,'Dropping loot in RPG games','2014-07-06 11:07:12',17),(321,'Gallery: indoor tech inspired by starry skies and meteorology','2014-07-06 11:07:18',28),(322,'Samsung WB250F Smart Camera 2.0 with...\n','2014-07-06 11:07:22',18),(323,'US asks Israel to investigate beating of American teen ','2014-07-06 11:07:23',21),(324,'\n      \n      Vaz criticises sex abuse file loss\n    ','2014-07-06 11:07:31',9),(325,'\n         Sep 28 10\n				10k Browser Feature Support Tool\n        by Alan Ayoub\n      ','2014-07-06 11:07:31',20),(326,'Rent My Chest 2.0','2014-07-06 11:07:40',4),(327,'£305.75','2014-07-06 11:07:42',19),(328,'£669,230','2014-07-06 12:18:26',30),(329,'reddit is filing an FCC comment to fight for an Open Internet. We want your voice in it as well.','2014-07-14 21:08:57',23),(330,'Floret Is A Gamified Dating App For Virtual Romance','2014-07-14 21:11:53',22),(331,'No more snoozing as Ken Clarke retires from Cabinet','2014-07-14 21:11:53',25),(332,'£302.81','2014-07-14 21:12:01',29),(333,'290,000 hotels','2014-07-14 21:12:03',8),(334,'D3 drag error \'Cannot read property x of undefined\'d3.jsanswered just nowOleg','2014-07-14 21:12:12',27),(335,'The Happiest Place on Earth','2014-07-14 21:12:17',24),(336,'Net neutrality','2014-07-14 21:12:20',17),(337,'OctoMom Probation...Again??cnn.com','2014-07-14 21:12:21',26),(338,'5Cities World\'s lightest Cabin Size...\n','2014-07-14 21:12:31',18),(339,'World\'s largest water slide is higher than Niagara Falls','2014-07-14 21:12:37',28),(340,'\n      \n      Hague quits as foreign secretary\n    ','2014-07-14 21:12:41',9),(341,'Egypt proposes ceasefire initiative in Gaza conflict ','2014-07-14 21:12:43',21),(342,'Rent My Chest 2.0','2014-07-14 21:12:50',4),(343,'\n         Sep 28 10\n				10k Browser Feature Support Tool\n        by Alan Ayoub\n      ','2014-07-14 21:12:51',20),(344,'£669,574','2014-07-14 21:13:02',30),(345,'£302.81','2014-07-14 21:13:02',19),(346,'reddit is filing an FCC comment to fight for an Open Internet. We want your voice in it as well.','2014-07-14 22:09:01',23),(347,'Real Cheese From A Lab, No Cow Necessary','2014-07-14 22:12:03',22),(348,'The girl born with no nose - but who always has a smile','2014-07-14 22:12:05',25),(349,'290,000 hotels','2014-07-14 22:12:13',8),(350,'£297.72','2014-07-14 22:12:13',29),(351,'Manually setting up Spring WebSocket STOMP supportjavaspringstompspring-websocketasked 56s agoRobert Q. Oftenwrong','2014-07-14 22:12:23',27),(352,'She\'s Sending a Clear Message','2014-07-14 22:12:25',24),(353,'Alternative by guillembeguillembe.deviantart.com','2014-07-14 22:12:31',26),(354,'Y Combinator has filed an official comment with the FCC','2014-07-14 22:12:32',17),(355,'Samsung WB250F Smart Camera 2.0 with...\n','2014-07-14 22:12:42',18),(356,'World\'s largest water slide is higher than Niagara Falls','2014-07-14 22:12:48',28),(357,'\n      \n      Hague quits as foreign secretary\n    ','2014-07-14 22:12:52',9),(358,'Egypt proposes ceasefire initiative in Gaza conflict ','2014-07-14 22:12:53',21),(359,'Rent My Chest 2.0','2014-07-14 22:13:01',4),(360,'\n         Sep 28 10\n				10k Browser Feature Support Tool\n        by Alan Ayoub\n      ','2014-07-14 22:13:02',20),(361,'£297.72','2014-07-14 22:13:13',19),(362,'£669,574','2014-07-14 22:13:14',30),(363,'In Civilization, revenge is a dish best served cold ... and in large servings.','2014-07-14 23:09:13',23),(364,'Y Combinator Calls For Strict Net Neutrality Rules, Reclassification Of Broadband Under Title II','2014-07-14 23:12:14',22),(365,'The girl born with no nose - but who always has a smile','2014-07-14 23:12:14',25),(366,'£309.15','2014-07-14 23:12:23',29),(367,'290,000 hotels','2014-07-14 23:12:24',8),(368,'Disable checkbox if the other isn\'t checked jQueryjavascriptjqueryhtmlcheckboxanswered 47s agoimbondbaby','2014-07-14 23:12:34',27),(369,'Does it Help Him Remember Which Pedal is Which?','2014-07-14 23:12:38',24),(370,'Y Combinator has filed an official comment with the FCC','2014-07-14 23:12:42',17),(371,'Where can I buy the shirt Klose is wearing?i.imgur.com','2014-07-14 23:12:43',26),(372,'Samsung WB250F Smart Camera 2.0 with...\n','2014-07-14 23:12:53',18),(373,'World\'s largest water slide is higher than Niagara Falls','2014-07-14 23:12:59',28),(374,'\n      \n      Hague quits as foreign secretary\n    ','2014-07-14 23:13:03',9),(375,'Man United agree €940m 10-year kit deal with Adidas ','2014-07-14 23:13:04',21),(376,'Rent My Chest 2.0','2014-07-14 23:13:12',4),(377,'\n         Sep 28 10\n				10k Browser Feature Support Tool\n        by Alan Ayoub\n      ','2014-07-14 23:13:14',20),(378,'£309.15','2014-07-14 23:13:24',19),(379,'£669,651','2014-07-14 23:13:24',30),(380,'In Civilization, revenge is a dish best served cold ... and in large servings.','2014-07-15 00:09:24',23),(381,'The girl born with no nose - but who always has a smile','2014-07-15 00:12:25',25),(382,'Fly Or Die: Adobe Ink & Slide','2014-07-15 00:12:26',22),(383,'290,000 hotels','2014-07-15 00:12:35',8),(384,'£302.86','2014-07-15 00:12:35',29),(385,'How to create and use my own ssl certs without requiring insecure options in curl?node.jscurlsslasked 42s agoCoolAJ86','2014-07-15 00:12:45',27),(386,'Lots of Little Girls Say They Want to Be Princesses; This Dad Took Action','2014-07-15 00:12:51',24),(387,'Guy sits down at a dinerself.Jokes','2014-07-15 00:12:54',26),(388,'Y Combinator has filed an official comment with the FCC','2014-07-15 00:12:54',17),(389,'Cabin Max Backpack Flight Approved...\n','2014-07-15 00:13:04',18),(390,'World\'s largest water slide is higher than Niagara Falls','2014-07-15 00:13:10',28),(391,'\n      \n      Hague quits as foreign secretary\n    ','2014-07-15 00:13:14',9),(392,'Israeli cabinet to  discuss Egyptian ceasefire proposal ','2014-07-15 00:13:16',21),(393,'Rent My Chest 2.0','2014-07-15 00:13:24',4),(394,'\n         Sep 28 10\n				10k Browser Feature Support Tool\n        by Alan Ayoub\n      ','2014-07-15 00:13:25',20),(395,'£669,651','2014-07-15 00:13:35',30),(396,'£302.86','2014-07-15 00:13:36',19),(397,'In Civilization, revenge is a dish best served cold ... and in large servings.','2014-07-15 01:09:34',23),(398,'Oculus Spots People Selling Rift Pre-Orders, Cancels Their Shipments','2014-07-15 01:12:36',22),(399,'The girl born with no nose - but who always has a smile','2014-07-15 01:12:36',25),(400,'£302.86','2014-07-15 01:12:46',29),(401,'290,000 hotels','2014-07-15 01:12:46',8),(402,'Best practice in CakePHP for call function in another controllerphpcakephpcakephp-2.0asked 1m agoLuciano Marqueto','2014-07-15 01:12:56',27),(403,'Y Combinator has filed an official comment with the FCC','2014-07-15 01:13:05',17),(404,'Lots of Little Girls Say They Want to Be Princesses; This Dad Took Action','2014-07-15 01:13:09',24),(405,'Samsung WB250F Smart Camera 2.0 with...\n','2014-07-15 01:13:15',18),(406,'How does Chinese food in other countries differ from American-Chinese food and traditional Chinese food?self.food','2014-07-15 01:13:15',26),(407,'\n      \n      Hague quits as foreign secretary\n    ','2014-07-15 01:13:25',9),(408,'World\'s largest water slide is higher than Niagara Falls','2014-07-15 01:13:31',28),(409,'Rent My Chest 2.0','2014-07-15 01:13:35',4),(410,'Israeli cabinet to  discuss Egyptian ceasefire proposal ','2014-07-15 01:13:37',21),(411,'\n         Sep 28 10\n				10k Browser Feature Support Tool\n        by Alan Ayoub\n      ','2014-07-15 01:13:46',20),(412,'£669,651','2014-07-15 01:13:46',30),(413,'£302.86','2014-07-15 01:13:56',19),(414,'Documents leaked by Edward Snowden reveal GCHQ programs to track targets, spread information and manipulate online debates','2014-07-15 02:09:45',23),(415,'The Fate of The 98-Year-Old At The Heart of SF’s Anti-Eviction, Tech Protests Is Still In Doubt','2014-07-15 02:12:45',22),(416,'The girl born with no nose - but who always has a smile','2014-07-15 02:12:45',25),(417,'£297.72','2014-07-15 02:12:55',29),(418,'290,000 hotels','2014-07-15 02:12:55',8),(419,'Pandas: Find the maximum range in all the columns of dataframepandasasked 48s agoHolaGonzalo','2014-07-15 02:13:05',27),(420,'Y Combinator has filed an official comment with the FCC','2014-07-15 02:13:14',17),(421,'Lots of Little Girls Say They Want to Be Princesses; This Dad Took Action','2014-07-15 02:13:18',24),(422,'I wish she had more videos. JoyTheBaker Podcast Number One - Brown Sugar Apple Cheesecake Squares YouTubeyoutube.com','2014-07-15 02:13:24',26),(423,'Samsung WB250F Smart Camera 2.0 with...\n','2014-07-15 02:13:24',18),(424,'\n      \n      Hague quits as foreign secretary\n    ','2014-07-15 02:13:34',9),(425,'World\'s largest water slide is higher than Niagara Falls','2014-07-15 02:13:40',28),(426,'Rent My Chest 2.0','2014-07-15 02:13:44',4),(427,'Israeli cabinet to  discuss Egyptian ceasefire proposal ','2014-07-15 02:13:46',21),(428,'\n         Sep 28 10\n				10k Browser Feature Support Tool\n        by Alan Ayoub\n      ','2014-07-15 02:13:54',20),(429,'£669,651','2014-07-15 02:13:56',30),(430,'£297.72','2014-07-15 02:14:05',19),(431,'Whoever decided to make this. You\'re one cruel person.','2014-07-15 03:09:55',23),(432,'The Fate of The 98-Year-Old At The Heart of SF’s Anti-Eviction, Tech Protests Is Still In Doubt','2014-07-15 03:13:01',22),(433,'The girl born with no nose - but who always has a smile','2014-07-15 03:13:01',25),(434,'290,000 hotels','2014-07-15 03:13:06',8),(435,'£309.15','2014-07-15 03:13:06',29),(436,'Turn a word in a title sentence into a dropdwon menu and swap out that word for the new selected wordjavascriptselectmenuasked 13s agouser2963869','2014-07-15 03:13:16',27),(437,'An FBI Counterterrorism Agent Tracked Me Down Because I Took a Picture of This','2014-07-15 03:13:25',17),(438,'Lots of Little Girls Say They Want to Be Princesses; This Dad Took Action','2014-07-15 03:13:29',24),(439,'Mark Twain always said it besti.imgur.com','2014-07-15 03:13:35',26),(440,'Cabin Max Backpack Flight Approved...\n','2014-07-15 03:13:35',18),(441,'\n      \n      Hague quits as foreign secretary\n    ','2014-07-15 03:13:45',9),(442,'World\'s largest water slide is higher than Niagara Falls','2014-07-15 03:13:52',28),(443,'Rent My Chest 2.0','2014-07-15 03:13:55',4),(444,'Israeli cabinet to  discuss Egyptian ceasefire proposal ','2014-07-15 03:13:57',21),(445,'\n         Sep 28 10\n				10k Browser Feature Support Tool\n        by Alan Ayoub\n      ','2014-07-15 03:14:06',20),(446,'£669,651','2014-07-15 03:14:07',30),(447,'£309.15','2014-07-15 03:14:16',19),(448,'Whoever decided to make this. You\'re one cruel person.','2014-07-15 04:10:06',23),(449,'The Fate of The 98-Year-Old At The Heart of SF’s Anti-Eviction, Tech Protests Is Still In Doubt','2014-07-15 04:13:08',22),(450,'The girl born with no nose - but who always has a smile','2014-07-15 04:13:08',25),(451,'£309.15','2014-07-15 04:13:17',29),(452,'290,000 hotels','2014-07-15 04:13:17',8),(453,'append a character from an array to a char pointercstringmodified 59s agoThat Guy','2014-07-15 04:13:27',27),(454,'Y Combinator has filed an official comment with the FCC','2014-07-15 04:13:37',17),(455,'Lots of Little Girls Say They Want to Be Princesses; This Dad Took Action','2014-07-15 04:13:42',24),(456,'Dozens of Giant African Snails Seized at LAXnbcphiladelphia.com','2014-07-15 04:13:46',26),(457,'Samsung WB250F Smart Camera 2.0 with...\n','2014-07-15 04:13:47',18),(458,'\n      \n      Hague quits as foreign secretary\n    ','2014-07-15 04:13:56',9),(459,'World\'s largest water slide is higher than Niagara Falls','2014-07-15 04:14:03',28),(460,'Rent My Chest 2.0','2014-07-15 04:14:06',4),(461,'Israeli cabinet to  discuss Egyptian ceasefire proposal ','2014-07-15 04:14:08',21),(462,'\n         Sep 28 10\n				10k Browser Feature Support Tool\n        by Alan Ayoub\n      ','2014-07-15 04:14:17',20),(463,'£669,651','2014-07-15 04:14:18',30),(464,'£309.15','2014-07-15 04:14:27',19),(465,'Fancy art supplies.','2014-07-15 05:10:17',23),(466,'The Fate of The 98-Year-Old At The Heart of SF’s Anti-Eviction, Tech Protests Is Still In Doubt','2014-07-15 05:13:19',22),(467,'The girl born with no nose - but who always has a smile','2014-07-15 05:13:19',25),(468,'£302.86','2014-07-15 05:13:28',29),(469,'290,000 hotels','2014-07-15 05:13:28',8),(470,'Full Page Background Slider not appearing correctly on Mobile Deviceswordpressimageresponsive-designasked 1m agouser3227561','2014-07-15 05:13:38',27),(471,'Y Combinator has filed an official comment with the FCC','2014-07-15 05:13:48',17),(472,'Lots of Little Girls Say They Want to Be Princesses; This Dad Took Action','2014-07-15 05:13:51',24),(473,'Aerolite Super-Lightweight Suitcase...\n','2014-07-15 05:13:58',18),(474,'Why aren\'t all non-lifters skinnyfat?self.Fitness','2014-07-15 05:13:58',26),(475,'\n      \n      Hague quits as foreign secretary\n    ','2014-07-15 05:14:08',9),(476,'World\'s largest water slide is higher than Niagara Falls','2014-07-15 05:14:14',28),(477,'Rent My Chest 2.0','2014-07-15 05:14:17',4),(478,'Israeli cabinet to  discuss Egyptian ceasefire proposal ','2014-07-15 05:14:19',21),(479,'\n         Sep 28 10\n				10k Browser Feature Support Tool\n        by Alan Ayoub\n      ','2014-07-15 05:14:28',20),(480,'£669,651','2014-07-15 05:14:29',30),(481,'£302.86','2014-07-15 05:14:38',19),(482,'Fancy art supplies.','2014-07-15 06:10:28',23),(483,'The Fate of The 98-Year-Old At The Heart of SF’s Anti-Eviction, Tech Protests Is Still In Doubt','2014-07-15 06:13:30',22),(484,'The girl born with no nose - but who always has a smile','2014-07-15 06:13:30',25),(485,'£297.72','2014-07-15 06:13:39',29),(486,'290,000 hotels','2014-07-15 06:13:39',8),(487,'Calling derived class methos in base classc++classinheritancebasederivedmodified 22s agoleppie','2014-07-15 06:13:49',27),(488,'Y Combinator has filed an official comment with the FCC','2014-07-15 06:13:58',17),(489,'Lots of Little Girls Say They Want to Be Princesses; This Dad Took Action','2014-07-15 06:14:04',24),(490,'What is your go to comfort food?self.AskReddit','2014-07-15 06:14:08',26),(491,'Cabin Max Backpack Flight Approved...\n','2014-07-15 06:14:09',18),(492,'\n      \n      Hague quits as foreign secretary\n    ','2014-07-15 06:14:18',9),(493,'World\'s largest water slide is higher than Niagara Falls','2014-07-15 06:14:25',28),(494,'Rent My Chest 2.0','2014-07-15 06:14:28',4),(495,'Israeli cabinet to  discuss Egyptian ceasefire proposal ','2014-07-15 06:14:31',21),(496,'\n         Sep 28 10\n				10k Browser Feature Support Tool\n        by Alan Ayoub\n      ','2014-07-15 06:14:39',20),(497,'£669,651','2014-07-15 06:14:41',30),(498,'£297.72','2014-07-15 06:14:49',19),(499,'Neil DeGrasse in his element.','2014-07-15 07:10:37',23),(500,'The Fate of The 98-Year-Old At The Heart of SF’s Anti-Eviction, Tech Protests Is Still In Doubt','2014-07-15 07:13:38',22),(501,'Dreaming lottery winning waiter splits £1M with boss','2014-07-15 07:13:43',25),(502,'£302.75','2014-07-15 07:13:48',29),(503,'290,000 hotels','2014-07-15 07:13:49',8),(504,'webcam using scriptcam getting stucked on openingjqueryflashtwitter-bootstrapwebcamscriptcamasked 1m agoNikhil Agrawal','2014-07-15 07:13:58',27),(505,'ITerm2 2.0 released','2014-07-15 07:14:07',17),(506,'Lots of Little Girls Say They Want to Be Princesses; This Dad Took Action','2014-07-15 07:14:12',24),(507,'Cabin Max Backpack Flight Approved...\n','2014-07-15 07:14:17',18),(508,'What is your favorite song from this decade so far?self.AskReddit','2014-07-15 07:14:18',26),(509,'\n      \n      Hague quits as foreign secretary\n    ','2014-07-15 07:14:27',9),(510,'Rent My Chest 2.0','2014-07-15 07:14:37',4),(511,'World\'s largest water slide is higher than Niagara Falls','2014-07-15 07:14:44',28),(512,'\n         Sep 28 10\n				10k Browser Feature Support Tool\n        by Alan Ayoub\n      ','2014-07-15 07:14:48',20),(513,'Israel welcomes peace deal proposed by Egypt','2014-07-15 07:14:49',21),(514,'£302.75','2014-07-15 07:14:59',19),(515,'£669,651','2014-07-15 07:15:00',30),(516,'Neil DeGrasse in his element.','2014-07-15 08:10:49',23),(517,'Dreaming lottery winning waiter splits £1m with boss','2014-07-15 08:13:50',25),(518,'Nosto Bags $5.5M To Help Smaller Online Stores Fight Ecommerce’s Amazons','2014-07-15 08:13:50',22),(519,'£309.15','2014-07-15 08:13:59',29),(520,'290,000 hotels','2014-07-15 08:14:00',8),(521,'Hide anchor tag with namejquerymodified 36s agoMr_Green','2014-07-15 08:14:10',27),(522,'ITerm2 2.0 released','2014-07-15 08:14:18',17),(523,'Lots of Little Girls Say They Want to Be Princesses; This Dad Took Action','2014-07-15 08:14:22',24),(524,'Aerolite Super-Lightweight Suitcase...\n','2014-07-15 08:14:29',18),(525,'Singapore libraries to destroy copies of gay penguin book \"And Tango Makes Three\": Row erupts as information minister backs decision to pulp all copies of book about male penguin couple following complaintstheguardian.com','2014-07-15 08:14:29',26),(526,'\n      \n      Truss \'is new environment secretary\'\n    ','2014-07-15 08:14:38',9),(527,'Rent My Chest 2.0','2014-07-15 08:14:48',4),(528,'World\'s largest water slide is higher than Niagara Falls','2014-07-15 08:14:55',28),(529,'\n         Sep 28 10\n				10k Browser Feature Support Tool\n        by Alan Ayoub\n      ','2014-07-15 08:14:59',20),(530,'‘It’s not easy’,  says Taoiseach as he prepares to clear out junior ministers','2014-07-15 08:15:05',21),(531,'£309.15','2014-07-15 08:15:09',19),(532,'£669,651','2014-07-15 08:15:10',30),(533,'Neil DeGrasse in his element.','2014-07-15 09:10:59',23),(534,'Google Search On Mobile Now Warns When Your Device Won’t Support A Site','2014-07-15 09:14:01',22),(535,'Dreaming lottery winning waiter splits £1m with boss','2014-07-15 09:14:01',25),(536,'290,000 hotels','2014-07-15 09:14:10',8),(537,'£309.15','2014-07-15 09:14:10',29),(538,'MKMapView pin drag from another viewiosdrag-and-dropmkmapviewmkannotationviewasked 41s agoPierre','2014-07-15 09:14:21',27),(539,'ITerm2 2.0 released','2014-07-15 09:14:29',17),(540,'Lots of Little Girls Say They Want to Be Princesses; This Dad Took Action','2014-07-15 09:14:38',24),(541,'TIL in 2013 and 2014 combined James Franco was in 22 filmsen.wikipedia.org','2014-07-15 09:14:50',26),(542,'Philips LivingColors Gen 3 LC Micro...\n','2014-07-15 09:14:50',18),(543,'Rent My Chest 2.0','2014-07-15 09:15:00',4),(544,'\n      \n      Gove moved in cabinet reshuffle\n    ','2014-07-15 09:15:00',9),(545,'\n         Sep 28 10\n				10k Browser Feature Support Tool\n        by Alan Ayoub\n      ','2014-07-15 09:15:10',20),(546,'World\'s largest water slide is higher than Niagara Falls','2014-07-15 09:15:16',28),(547,'£309.15','2014-07-15 09:15:20',19),(548,'‘It’s not easy’,  says Taoiseach as he prepares to clear out junior ministers','2014-07-15 09:15:23',21),(549,'£669,651','2014-07-15 09:15:31',30),(550,'Mark Twain always said it best','2014-07-15 10:11:10',23),(551,'Google Search On Mobile Now Warns When Your Device Won’t Support A Site','2014-07-15 10:14:12',22),(552,'Dreaming lottery winning waiter splits £1m with boss','2014-07-15 10:14:13',25),(553,'£302.86','2014-07-15 10:14:21',29),(554,'290,000 hotels','2014-07-15 10:14:26',8),(555,'Style Organizer in Interop.Word by VSTOc#.netvbawordoffice-interopasked 18s agosaravanan s','2014-07-15 10:14:31',27),(556,'ITerm2 2.0 released','2014-07-15 10:14:40',17),(557,'Lots of Little Girls Say They Want to Be Princesses; This Dad Took Action','2014-07-15 10:15:02',24),(558,'Kindle Fire HDX 7\", HDX Display...\n','2014-07-15 10:15:11',18),(559,'This is what is expecting you in the morning in a camper-van area in New Zealand [20979x5428] (OC)flickr.com','2014-07-15 10:15:11',26),(560,'Rent My Chest 2.0','2014-07-15 10:15:20',4),(561,'\n      \n      Gove moved in cabinet reshuffle\n    ','2014-07-15 10:15:21',9),(562,'\n         Sep 28 10\n				10k Browser Feature Support Tool\n        by Alan Ayoub\n      ','2014-07-15 10:15:32',20),(563,'Artist arrested for selling 3D-printing files of her vagina ','2014-07-15 10:15:37',28),(564,'£302.86','2014-07-15 10:15:43',19),(565,'12 killed in Moscow after subway train derails at rush-hour','2014-07-15 10:15:43',21),(566,'£669,651','2014-07-15 10:15:52',30),(567,'Mark Twain always said it best','2014-07-15 11:11:21',23),(568,'NEA Backs BetterDoctor’s Quest To Develop Tools To Find A Better Doctor','2014-07-15 11:14:23',22),(569,'Dreaming lottery winning waiter splits £1m with boss','2014-07-15 11:14:27',25),(570,'290,000 hotels','2014-07-15 11:14:32',8),(571,'£302.86','2014-07-15 11:14:33',29),(572,'how to parse JSON data with the HTTP post method in android?javaandroidjsonhttphttprequestasked 18s agouser2512822','2014-07-15 11:14:43',27),(573,'ITerm2 2.0 released','2014-07-15 11:14:51',17),(574,'No One Was Seriously Injured When a Small Aircraft Hit This Shop, but The Irony Struck Just as Hard','2014-07-15 11:15:16',24),(575,'Aerolite Super-Lightweight Suitcase...\n','2014-07-15 11:15:22',18),(576,'TIFU By making cock-sucking motions on stageself.tifu','2014-07-15 11:15:22',26),(577,'Rent My Chest 2.0','2014-07-15 11:15:31',4),(578,'\n      \n      Gove moved in cabinet reshuffle\n    ','2014-07-15 11:15:32',9),(579,'\n         Sep 28 10\n				10k Browser Feature Support Tool\n        by Alan Ayoub\n      ','2014-07-15 11:15:43',20),(580,'Honeycomb pods could make airport security less invasive','2014-07-15 11:15:47',28),(581,'£302.86','2014-07-15 11:15:54',19),(582,'Juncker promises €300bn investment programme to revive EU economy','2014-07-15 11:15:54',21),(583,'£669,651','2014-07-15 11:16:03',30),(584,'TIL there is a man who, due to auto-brewery syndrome, will get drunk from eating bread','2014-07-15 12:11:32',23),(585,'MedXT’s Platform Brings Medical Imaging In Line With Today’s Cloud Technology','2014-07-15 12:14:34',22),(586,'Dreaming lottery winning waiter splits £1m with boss','2014-07-15 12:14:34',25),(587,'£297.72','2014-07-15 12:14:44',29),(588,'290,000 hotels','2014-07-15 12:14:44',8),(589,'Laravel seeder doesn\' seed passwordphpdatabaselaravelseedingasked 14s agoJakub Kohout','2014-07-15 12:14:53',27),(590,'Tech Blogger Tries To Cancel Comcast Service, Hilarity Ensues','2014-07-15 12:15:02',17),(591,'Get an Umbrella','2014-07-15 12:15:26',24),(592,'Kindle Fire HD 7\", HD Display, Wi-Fi...\n','2014-07-15 12:15:33',18),(593,'What makes you happy?self.AskReddit','2014-07-15 12:15:33',26),(594,'\n      \n      Gove moved in cabinet reshuffle\n    ','2014-07-15 12:15:43',9),(595,'Rent My Chest 2.0','2014-07-15 12:15:43',4),(596,'\n         Sep 28 10\n				10k Browser Feature Support Tool\n        by Alan Ayoub\n      ','2014-07-15 12:15:54',20),(597,'German spies may use typewriters to fend off hackers','2014-07-15 12:15:58',28),(598,'£297.72','2014-07-15 12:16:03',19),(599,'Garth Brooks decision concerts was reasonable - Keegan','2014-07-15 12:16:06',21),(600,'£669,651','2014-07-15 12:16:14',30),(601,'TIL there is a man who, due to auto-brewery syndrome, will get drunk from eating bread','2014-07-15 13:11:41',23),(602,'Doyouthinktheysaurus? Couple caught stealing dinosaur from museum','2014-07-19 09:11:10',25),(603,'Waiting For VC','2014-07-19 09:11:11',22),(604,'290,000 hotels','2014-07-19 09:11:17',8),(605,'£309.15','2014-07-19 09:11:17',29),(606,'Fastpass: A Centralized “Zero-Queue” Datacenter Network','2014-07-19 09:11:27',17),(607,'Regext to split the following lines in Pythonpythonregexasked 36s agouser435245','2014-07-19 09:11:27',27),(608,'Live Life Living\n','2014-07-19 09:11:36',18),(609,'Now You\'re Just Mocking Us','2014-07-19 09:11:40',24),(610,'Rent My Chest 2.0','2014-07-19 09:11:46',4),(611,'Can\'t do low bar squatsself.Fitness','2014-07-19 09:11:46',26),(612,'\n      \n      Ukraine rebels \'destroy MH17 clues\' New\n    ','2014-07-19 09:12:48',9),(613,'\n         Sep 28 10\n				10k Browser Feature Support Tool\n        by Alan Ayoub\n      ','2014-07-19 09:12:49',20),(614,'£309.15','2014-07-19 09:12:58',19),(615,'How spies cracked the Malaysia Airlines MH17 missile mystery','2014-07-19 09:13:04',28),(616,'‘The Israelis don’t care about anybody’ ','2014-07-19 09:13:09',21),(617,'£669,806','2014-07-19 09:13:10',30),(618,'I wish more people would realize this...','2014-07-19 09:13:17',23),(619,'BNP Youth chief admits \'gay\' dog challenging his principles','2014-07-19 18:25:09',25),(620,'Gillmor Gang: Yotifications','2014-07-19 18:25:09',22),(621,'£297.72','2014-07-19 18:25:18',29),(622,'Identifying backdoors, attack points, and surveillance mechanisms in iOS devices','2014-07-19 18:25:51',17),(623,'290,000 hotels','2014-07-19 18:25:54',8),(624,'Berghaus Freeflow II 30 Backpack\n','2014-07-19 18:26:01',18),(625,'Online/Offline Data syncc#mobilewebdata-synchronizationmodified 1m agoTiago Huezo','2014-07-19 18:26:01',27),(626,'Rent My Chest 2.0','2014-07-19 18:26:10',4),(627,'Gyms? The World is Your Gym!','2014-07-19 18:26:15',24),(628,'\n      \n      Pressure grows on Russia over crash New\n    ','2014-07-19 18:26:51',9),(629,'pencil portrait for my father\'s friendi.imgur.com','2014-07-19 18:26:51',26),(630,'£297.72','2014-07-19 18:26:59',19),(631,'\n         Sep 28 10\n				10k Browser Feature Support Tool\n        by Alan Ayoub\n      ','2014-07-19 18:27:00',20),(632,'Rebels ‘obstructing’ efforts at  MH17 crash site in Ukraine','2014-07-19 18:28:59',21),(633,'Comics of the week reviewed for 18 July','2014-07-19 18:29:08',28),(634,'watched a French swat team and this happened','2014-07-19 18:29:14',23),(635,'£669,806','2014-07-19 18:29:16',30),(636,'BNP Youth chief admits \'gay\' dog challenging his principles','2014-07-20 07:22:38',25),(637,'As Popular As It Is, We Can No Longer Unbundle Microsoft Office','2014-07-20 07:22:38',22),(638,'Introduction to A*','2014-07-20 07:22:44',17),(639,'£309.15','2014-07-20 07:22:44',29),(640,'Panasonic Lumix DMC-TZ60EB-K Compact...\n','2014-07-20 07:22:54',18),(641,'290,000 hotels','2014-07-20 07:22:55',8),(642,'Rent My Chest 2.0','2014-07-20 07:23:03',4),(643,'Remove empty space in Eval (FormView) stringasp.netreplaceformviewasked 10s agoGloria','2014-07-20 07:23:05',27),(644,'\n      \n      Cameron in Russia sanctions warning\n    ','2014-07-20 07:23:13',9),(645,'I Don\'t Think We Can Communicate How Bad of a Typo This Was','2014-07-20 07:23:19',24),(646,'If Hannah Montana Was in 2014youtube.com','2014-07-20 07:23:24',26),(647,'£309.15','2014-07-20 07:23:25',19),(648,'\n         Sep 28 10\n				10k Browser Feature Support Tool\n        by Alan Ayoub\n      ','2014-07-20 07:23:34',20),(649,'Rebels ‘obstructing’ efforts at  MH17 crash site in Ukraine','2014-07-20 07:23:35',21),(650,'Came in to get spayed. Seems a little worried.','2014-07-20 07:23:43',23),(651,'Comics of the week reviewed for 18 July','2014-07-20 07:23:50',28),(652,'£669,809','2014-07-20 07:23:55',30);
/*!40000 ALTER TABLE `result` ENABLE KEYS */;
UNLOCK TABLES;

--
-- Table structure for table `task`
--

DROP TABLE IF EXISTS `task`;
/*!40101 SET @saved_cs_client     = @@character_set_client */;
/*!40101 SET character_set_client = utf8 */;
CREATE TABLE `task` (
  `id` int(11) NOT NULL AUTO_INCREMENT,
  `user_id` int(11) NOT NULL,
  `url` varchar(2083) NOT NULL,
  `css` varchar(255) DEFAULT NULL,
  `regex` varchar(100) DEFAULT NULL,
  `xpath` varchar(255) DEFAULT NULL,
  `creation_date` timestamp NOT NULL DEFAULT CURRENT_TIMESTAMP,
  `active` tinyint(1) NOT NULL DEFAULT '1',
  `latest_scrape` timestamp NULL DEFAULT NULL,
  `title` varchar(100) DEFAULT NULL,
  `type` varchar(6) DEFAULT NULL,
  `failed` tinyint(1) DEFAULT NULL,
  PRIMARY KEY (`id`,`user_id`),
  UNIQUE KEY `task_UNIQUE` (`id`),
  KEY `fk_task_user1` (`user_id`),
  CONSTRAINT `fk_task_user1` FOREIGN KEY (`user_id`) REFERENCES `user` (`id`) ON DELETE NO ACTION ON UPDATE NO ACTION
) ENGINE=InnoDB AUTO_INCREMENT=31 DEFAULT CHARSET=latin1;
/*!40101 SET character_set_client = @saved_cs_client */;

--
-- Dumping data for table `task`
--

LOCK TABLES `task` WRITE;
/*!40000 ALTER TABLE `task` DISABLE KEYS */;
INSERT INTO `task` VALUES (4,1,'http://www.rentmychest.com/','center a',NULL,NULL,'2013-12-27 16:01:38',1,'2014-07-20 07:23:03','Rentmychest test',NULL,NULL),(5,1,'https://www.mtgox.com/','#lastPrice',NULL,NULL,'2013-12-27 16:15:21',1,'2014-02-12 21:27:24','Bitcoin Latest Price','Number',1),(8,1,'http://uk.hotels.com/','.footer-bar .trust .text strong',NULL,NULL,'2013-12-28 15:16:20',1,'2014-07-20 07:22:55','Number of Hotels on hcom',NULL,NULL),(9,1,'http://www.bbc.co.uk/news/','.top-story-header',NULL,NULL,'2013-12-28 15:17:15',1,'2014-07-20 07:23:13','BBC News top story',NULL,NULL),(17,1,'https://news.ycombinator.com/','table table tbody tr:first-child td[class=title] a',NULL,NULL,'2014-01-02 15:14:22',1,'2014-07-20 07:22:44','Top Hacker news story',NULL,NULL),(18,1,'http://www.amazon.co.uk/','.s9TitleText:first',NULL,NULL,'2014-01-02 15:23:38',1,'2014-07-20 07:22:54','Some Amazon thing',NULL,NULL),(19,1,'http://www.amazon.co.uk/gp/product/B003IR1CEU/ref=s9_simh_gw_p147_d1_i1?pf_rd_m=A3P5ROKL5A1OLE&pf_rd_s=center-2&pf_rd_r=1V23PYAQXJBNCJNSZYSB&pf_rd_t=101&pf_rd_p=455344027&pf_rd_i=468294','.priceLarge',NULL,NULL,'2014-01-02 17:34:22',1,'2014-07-20 07:23:25','3TB Harddrive price','Number',NULL),(20,1,'http://www.alanayoub.com/','.post-header:first',NULL,NULL,'2014-01-03 09:29:59',1,'2014-07-20 07:23:34','My Blog',NULL,NULL),(21,1,'http://www.irishtimes.com/','.index_story .h2:first',NULL,NULL,'2014-01-12 12:57:09',1,'2014-07-20 07:23:35','Ireland news',NULL,NULL),(22,1,'http://techcrunch.com/','.post-title:first',NULL,NULL,'2014-01-19 11:11:01',1,'2014-07-20 07:22:38','Tech crunch',NULL,NULL),(23,1,'http://www.reddit.com/','#siteTable .title:first a:first',NULL,NULL,'2014-01-19 17:05:02',1,'2014-07-20 07:23:43','Reddit',NULL,NULL),(24,1,'http://failblog.org/','.post-header .title:first a',NULL,NULL,'2014-01-19 17:24:09',1,'2014-07-20 07:23:19','Failblog',NULL,NULL),(25,1,'http://metro.co.uk/','.title:first',NULL,NULL,'2014-01-19 17:26:39',1,'2014-07-20 07:22:38','Metro',NULL,NULL),(26,1,'http://www.reddit.com/','p.title:first a',NULL,NULL,'2014-02-12 16:08:02',1,'2014-07-20 07:23:24','More Reddit',NULL,NULL),(27,1,'http://stackoverflow.com/','.question-summary:first a',NULL,NULL,'2014-02-12 16:42:58',1,'2014-07-20 07:23:05','Stackoverflow top question',NULL,NULL),(28,1,'http://www.wired.co.uk/','.linkList3 h2:first a',NULL,NULL,'2014-02-12 16:49:43',1,'2014-07-20 07:23:50','Wired top story',NULL,NULL),(29,1,'http://www.amazon.co.uk/APC-Smart-UPS-1000VA-LCD-230V/dp/B003IR1CEU/ref=sr_1_11?ie=UTF8&qid=1394359922&sr=8-11&keywords=ups','.priceLarge',NULL,NULL,'2014-03-09 10:13:40',1,'2014-07-20 07:22:44','UPS','Number',NULL),(30,1,'http://www.zoopla.co.uk/property/28-tangle-tree-close/london/n3-2tr/15077500','.big.zestimate',NULL,NULL,'2014-07-06 12:18:26',1,'2014-07-20 07:23:55','Zoopla House Price','Number',NULL);
/*!40000 ALTER TABLE `task` ENABLE KEYS */;
UNLOCK TABLES;

--
-- Table structure for table `user`
--

DROP TABLE IF EXISTS `user`;
/*!40101 SET @saved_cs_client     = @@character_set_client */;
/*!40101 SET character_set_client = utf8 */;
CREATE TABLE `user` (
  `id` int(11) NOT NULL AUTO_INCREMENT,
  `username` varchar(254) NOT NULL,
  `password` char(128) NOT NULL,
  `salt` char(32) NOT NULL,
  `creation_date` varchar(45) NOT NULL DEFAULT 'now()',
  `confirmed` tinyint(1) NOT NULL DEFAULT '0',
  `active` tinyint(1) NOT NULL DEFAULT '0',
  `uuid` char(100) NOT NULL,
  PRIMARY KEY (`id`),
  UNIQUE KEY `iduser_UNIQUE` (`id`),
  UNIQUE KEY `email_UNIQUE` (`username`),
  UNIQUE KEY `uuid_UNIQUE` (`uuid`)
) ENGINE=InnoDB AUTO_INCREMENT=17 DEFAULT CHARSET=latin1;
/*!40101 SET character_set_client = @saved_cs_client */;

--
-- Dumping data for table `user`
--

LOCK TABLES `user` WRITE;
/*!40000 ALTER TABLE `user` DISABLE KEYS */;
INSERT INTO `user` VALUES (1,'alan','pass','somerandomsalt','2013-12-21 14:00:26',1,1,'_q8L62NkISFc4nR&J1ID!8pCFTJKr9QU'),(16,'Alan Ayoub','Google','somerandomsalt','2014-07-06 13:14:55',1,1,'https://www.google.com/accounts/o8/id?id=AItOawnb5AbKAGXA8I8NGfqLcKMqpBK9rKAcsoM');
/*!40000 ALTER TABLE `user` ENABLE KEYS */;
UNLOCK TABLES;
/*!40103 SET TIME_ZONE=@OLD_TIME_ZONE */;

/*!40101 SET SQL_MODE=@OLD_SQL_MODE */;
/*!40014 SET FOREIGN_KEY_CHECKS=@OLD_FOREIGN_KEY_CHECKS */;
/*!40014 SET UNIQUE_CHECKS=@OLD_UNIQUE_CHECKS */;
/*!40101 SET CHARACTER_SET_CLIENT=@OLD_CHARACTER_SET_CLIENT */;
/*!40101 SET CHARACTER_SET_RESULTS=@OLD_CHARACTER_SET_RESULTS */;
/*!40101 SET COLLATION_CONNECTION=@OLD_COLLATION_CONNECTION */;
/*!40111 SET SQL_NOTES=@OLD_SQL_NOTES */;

-- Dump completed on 2014-07-20  8:44:57
